firstName;lastName;addressLine1;addressLine2;addressLine3;state;pinCode;phone1;phone2;email
James;Butt;John B Jr;6649 N Blue Gum St;New Orleans;LA;70116;504-845-1427;504-621-8927;jbutt@gmail.com
Josephine;Darakjy;Jeffrey A Esq;4 B Blue Ridge Blvd;Brighton;MI;48116;810-374-9840;810-292-9388;josephine_darakjy@darakjy.org
Art;Venere;James L Cpa;8 W Cerritos Ave #54;Bridgeport;NJ;8014;856-264-4130;856-636-8749;art@venere.org
Lenna;Paprocki;639 Main St;Anchorage;Anchorage;AK;99501;907-385-4412;907-921-2010;simona@morasca.com
Donette;Foller;34 Center St;Hamilton;Butler;OH;45011;513-570-1893;513-549-4561;kris@gmail.com
Simona;Morasca;Ross E Esq;3 Mcauley Dr;Ashland;IL;44805;419-800-6759;419-503-2484;minna_amigon@yahoo.com
Mitsue;Tollner;7 Eads St;Chicago;Cook;CA;60632;773-573-6914;773-924-8565;calbares@gmail.com
Leota;Dilliard;7 W Jackson Blvd;San Jose;Santa Clara;SD;95111;408-752-3500;408-813-1105;meaghan@hotmail.com
Sage;Wieser;5 Boston Ave #88;Sioux Falls;Minnehaha;NY;57105;605-414-2147;605-794-4895;willard@hotmail.com
Kris;Marrier;Christopher A Esq;228 Runamuck Pl #2808;Baltimore;CA;21224;410-804-4694;410-655-8723;mroyster@royster.com
Minna;Amigon;James J Esq;2371 Jerrold Ave;Kulpsville;OH;19443;215-422-8694;215-874-1229;allene_iturbide@cox.net
Abel;Maclead;37275 St  Rt 17m M;Middle Island;Suffolk;AZ;11953;631-335-3414;631-677-3675;ezekiel@chui.com
Kiley;Caldarera;25 E 75th St #69;Los Angeles;Los Angeles;WI;90034;310-498-5651;310-254-3084;bfigeroa@aol.com
Graciela;Ruta;98 Connecticut Ave Nw;Chagrin Falls;Geauga;MI;44023;440-780-8425;440-579-7763;ammie@corrio.com
Cammy;Albares;Michael Esq;56 E Morehead St;Laredo;IL;78045;956-841-7216;956-537-6195;albina@glick.com
Mattie;Poquette;73 State Road 434 E;Phoenix;Maricopa;PA;85013;602-277-4385;602-953-6360;solange@shinko.com
Meaghan;Garufi;Wilbur Esq;69734 E Carrillo St;Mc Minnville;CA;37110;931-235-7959;931-313-9635;fsaylors@saylors.org
Gladys;Rim;322 New Horizon Blvd;Milwaukee;Milwaukee;NJ;53207;414-661-9598;414-377-2880;kanisha_waycott@yahoo.com
Yuki;Whobrey;1 State Route 27;Taylor;Wayne;KS;48180;313-288-7937;313-341-4470;karl_klonowski@yahoo.com
Fletcher;Flosi;394 Manchester Blvd;Rockford;Winnebago;NY;61109;815-828-2147;815-426-5657;deeanna_juhas@gmail.com
Bette;Nicka;6 S 33rd St;Aston;Delaware;NM;19014;610-545-3615;610-492-4643;jamal@vanausdal.org
Veronika;Inouye;6 Greenleaf Ave;San Jose;Santa Clara;NJ;95111;408-540-1785;408-813-4592;maurine_yglesias@yglesias.com
Willard;Kolmetz;Donald R Esq;618 W Yakima Ave;Irving;NY;75062;972-896-4882;972-303-9197;ilene.eroman@hotmail.com
Maryann;Royster;Peter L Esq;74 S Westgate St;Albany;NY;12204;518-448-8982;518-966-7987;brhym@rhym.com
Alisha;Slusarski;3273 State St;Middlesex;Middlesex;CA;8846;732-658-3154;732-635-3453;moon@yahoo.com
Allene;Iturbide;David Esq;1 Central Ave;Stevens Point;TX;54481;715-530-9863;715-662-6764;lettie_isenhower@yahoo.com
Chanel;Caudy;86 Nw 66th St #8673;Shawnee;Johnson;KS;66218;913-388-2079;913-899-1103;lai.gato@gato.org
Ezekiel;Chui;Donald C Esq;2 Cedar Ave #84;Easton;OR;21601;410-235-8738;410-669-1642;stephen_emigh@hotmail.com
Willow;Kusko;90991 Thorburn Ave;New York;New York;KS;10011;212-582-4976;212-934-5167;tshields@gmail.com
Bernardo;Figeroa;Richard Cpa;386 9th Ave N;Conroe;AK;77301;936-597-3614;936-336-3951;danica_bruschke@gmail.com
Ammie;Corrio;Barry S;74874 Atlantic Ave;Columbus;FL;43215;614-648-3265;614-801-9788;wilda@cox.net
Francine;Vocelka;366 South Dr;Las Cruces;Dona Ana;AK;88011;505-977-3911;505-335-5293;natalie.fern@hotmail.com
Ernie;Stenseth;45 E Liberty St;Ridgefield Park;Bergen;MA;7660;201-709-6245;201-387-9093;jshin@shin.com
Albina;Glick;Anthony D;4 Ralph Ct;Dunellen;WI;8812;732-782-6701;732-924-7882;rolland@cox.net
Alishia;Sergi;2742 Distribution Way;New York;New York;PA;10025;212-860-1579;212-753-2740;shawna_palaspas@palaspas.org
Solange;Shinko;Ronald A;426 Wolf St;Metairie;NY;70002;504-265-8174;504-979-9175;scarlet.cartan@yahoo.com
Jose;Stockham;128 Bransten Rd;New York;New York;TN;10011;212-675-8570;212-569-4233;xuan@gmail.com
Rozella;Ostrosky;17 Morena Blvd;Camarillo;Ventura;SC;93012;805-832-6163;805-609-1531;lucina_lary@cox.net
Valentine;Gillian;775 W 17th St;San Antonio;Bexar;PA;78204;210-812-9597;210-300-6244;hpaulas@gmail.com
Kati;Rulapaugh;6980 Dorsett Rd;Abilene;Dickinson;NY;67410;785-463-7829;785-219-7724;kimbery_madarang@cox.net
Youlanda;Schemmer;2881 Lewis Rd;Prineville;Crook;PA;97754;541-548-8197;541-993-2611;marti.maybury@yahoo.com
Dyan;Oldroyd;7219 Woodfield Rd;Overland Park;Johnson;CA;66204;913-413-4604;913-645-8918;nieves_gotter@gmail.com
Roxane;Campain;1048 Main St;Fairbanks;Fairbanks North Star;RI;99708;907-231-4722;907-335-6568;vklimek@klimek.org
Lavera;Perin;678 3rd Ave;Miami;Miami-Dade;RI;33196;305-606-7291;305-995-2078;audra@kohnert.com
Erick;Ferencz;20 S Babcock St;Fairbanks;Fairbanks North Star;TX;99712;907-741-1044;907-227-6777;fjillson@aol.com
Fatima;Saylors;James D Esq;2 Lighthouse Ave;Hopkins;CO;55343;952-479-2375;952-768-2416;chau@gmail.com
Jina;Briddick;38938 Park Blvd;Boston;Suffolk;NY;2128;617-399-5124;617-997-5771;carissa.batman@yahoo.com
Kanisha;Waycott;Gene E Esq;5 Tomahawk Dr;Los Angeles;AK;90006;323-315-7314;323-453-2780;lezlie.craghead@craghead.org
Emerson;Bowley;762 S Main St;Madison;Dane;PA;53711;608-336-7444;608-658-7940;cdeleo@deleo.com
Blair;Malet;209 Decker Dr;Philadelphia;Philadelphia;ID;19132;215-907-9111;215-794-4519;evangelina@aol.com
Brock;Bolognia;4486 W O St #1;New York;New York;CA;10003;212-402-9216;212-617-5063;novella_degroot@degroot.org
Lorrie;Nestle;39 S 7th St;Tullahoma;Coffee;NC;37388;931-875-6644;931-303-6041;jfallick@yahoo.com
Sabra;Uyetake;98839 Hawthorne Blvd #6101;Columbia;Richland;CA;29201;803-925-5213;803-681-3678;sylvia_cousey@cousey.org
Marjory;Mastella;71 San Mateo Ave;Wayne;Delaware;OH;19087;610-814-5533;610-379-7125;nana@aol.com
Karl;Klonowski;Michael M;76 Brooks St #9;Flemington;MD;8822;908-470-4661;908-877-6135;marguerita.hiatt@gmail.com
Tonette;Wenner;4545 Courthouse Rd;Westbury;Nassau;NJ;11590;516-968-6051;516-333-4861;merlyn_lawler@hotmail.com
Amber;Monarrez;14288 Foster Ave #4121;Jenkintown;Montgomery;IL;19046;215-934-8655;215-329-6386;andra@gmail.com
Shenika;Seewald;4 Otis St;Van Nuys;Los Angeles;NJ;91405;818-423-4007;818-749-8650;fpoullion@poullion.com
Delmy;Ahle;65895 S 16th St;Providence;Providence;NM;2909;401-458-2547;401-559-8961;jhanafan@gmail.com
Deeanna;Juhas;George W Iv;14302 Pennsylvania Ave;Huntingdon Valley;NY;19006;215-417-9563;215-211-9589;marge@gmail.com
Blondell;Pugh;201 Hawk Ct;Providence;Providence;FL;2904;401-960-8259;401-300-8122;norah.waymire@gmail.com
Jamal;Vanausdal;Bruce Esq;53075 Sw 152nd Ter #615;Monroe Township;CA;8831;732-904-2931;732-234-1546;aliza@aol.com
Cecily;Hollack;59 N Groesbeck Hwy;Austin;Travis;TX;78731;512-486-3817;512-861-3814;freeman_gochal@aol.com
Carmelina;Lindall;2664 Lewis Rd;Littleton;Douglas;CA;80126;303-724-7371;303-874-5160;vincent.meinerding@hotmail.com
Maurine;Yglesias;Thomas C Md;59 Shady Ln #53;Milwaukee;CA;53214;414-573-7719;414-748-1374;leonida@gobern.org
Tawna;Buvens;3305 Nabell Ave #679;New York;New York;CA;10009;212-674-9610;212-462-9157;ressie.auffrey@yahoo.com
Penney;Weight;18 Fountain St;Anchorage;Anchorage;CA;99515;907-797-9628;907-873-2882;taryn.moyd@hotmail.com
Elly;Morocco;7 W 32nd St;Erie;Erie;CA;16502;814-393-5571;814-420-3553;alex@loader.com
Ilene;Eroman;William J Esq;2853 S Central Expy;Glen Burnie;IN;21061;410-937-4543;410-914-9018;my@hotmail.com
Vallie;Mondella;74 W College St;Boise;Ada;VA;83707;208-862-5339;208-737-8439;lorrine.worlds@worlds.com
Kallie;Blackwood;701 S Harrison Rd;San Francisco;San Francisco;LA;94104;415-315-2761;415-604-7609;daron_dinos@cox.net
Johnetta;Abdallah;1088 Pinehurst St;Chapel Hill;Orange;CO;27514;919-225-9345;919-715-3791;carey_dopico@dopico.org
Bobbye;Rhym;Patricia Garity;30 W 80th St #1995;San Carlos;CA;94070;650-811-9032;650-528-5783;stevie.westerbeck@yahoo.com
Micaela;Rhymes;20932 Hedley St;Concord;Contra Costa;HI;94520;925-647-3298;925-522-7798;alecia@aol.com
Tamar;Hoogland;2737 Pistorio Rd #9230;London;Madison;MN;43140;740-343-8575;740-526-5410;theodora.restrepo@restrepo.com
Moon;Parlato;Jessica M Md;74989 Brandon St;Wellsville;NC;14895;585-498-4278;585-866-8313;casie.good@aol.com
Laurel;Reitler;6 Kains Ave;Baltimore;Baltimore City;NY;21215;410-520-4832;410-957-6903;ftawil@hotmail.com
Delisa;Crupi;47565 W Grand Ave;Newark;Essex;OR;7105;973-354-2040;973-847-9611;rupthegrove@yahoo.com
Viva;Toelkes;4284 Dorigo Ln;Chicago;Cook;WI;60647;773-446-5569;773-352-3437;tresa_sweely@hotmail.com
Elza;Lipke;6794 Lake Dr E;Newark;Essex;MA;7104;973-927-3447;973-796-3667;jregusters@regusters.com
Devorah;Chickering;31 Douglas Blvd #950;Clovis;Curry;FL;88101;505-975-8559;505-950-1763;goldie.schirpke@yahoo.com
Timothy;Mulqueen;44 W 4th St;Staten Island;Richmond;PA;10309;718-332-6527;718-654-7063;loreta.timenez@hotmail.com
Arlette;Honeywell;11279 Loytan St;Jacksonville;Duval;TX;32254;904-775-4480;904-514-9918;lilli@aol.com
Dominque;Dickerson;69 Marquette Ave;Hayward;Alameda;FL;94545;510-993-3758;510-901-7640;jesusita.flister@hotmail.com
Lettie;Isenhower;Christopher A Esq;70 W Main St;Beachwood;MD;44122;216-733-8494;216-657-7668;caitlin.julia@julia.org
Myra;Munns;461 Prospect Pl #316;Euless;Tarrant;HI;76040;817-914-7518;817-451-3518;roosevelt.hoffis@aol.com
Stephaine;Barfield;47154 Whipple Ave Nw;Gardena;Los Angeles;MA;90247;310-774-7643;310-968-1219;hhalter@yahoo.com
Lai;Gato;Kenneth I Jr;37 Alabama Ave;Evanston;NJ;60201;847-957-4614;847-728-7286;lorean.martabano@hotmail.com
Stephen;Emigh;J Daniel Esq;3777 E Richmond St #900;Akron;CA;44302;330-700-2312;330-537-5358;ddhamer@cox.net
Tyra;Shields;Anne H Esq;3 Fort Worth Ave;Philadelphia;CA;19106;215-228-8264;215-255-1641;kirk.herritt@aol.com
Tammara;Wardrip;4800 Black Horse Pike;Burlingame;San Mateo;NY;94010;650-803-1936;650-216-5075;kate_keneipp@yahoo.com
Cory;Gibes;83649 W Belmont Ave;San Gabriel;Los Angeles;PA;91776;626-572-1096;626-696-2777;kaitlyn.ogg@gmail.com
Danica;Bruschke;Charles T;840 15th Ave;Waco;NJ;76708;254-205-1422;254-782-8569;lstuer@cox.net
Wilda;Giguere;Luther W Cpa;1747 Calle Amanecer #2;Anchorage;NJ;99501;907-914-9482;907-870-5536;lavonna.wolny@hotmail.com
Elvera;Benimadho;99385 Charity St #840;San Jose;Santa Clara;NY;95110;408-703-8505;408-440-8447;margart_meisel@yahoo.com
Carma;Vanheusen;68556 Central Hwy;San Leandro;Alameda;HI;94577;510-503-7169;510-452-4835;kristofer.bennick@yahoo.com
Malinda;Hochard;55 Riverside Ave;Indianapolis;Marion;NJ;46202;317-722-5066;317-472-2412;kristel.ehmann@aol.com
Natalie;Fern;Charles G Esq;7140 University Ave;Rock Springs;NJ;82901;307-279-3793;307-704-8713;krauser@cox.net
Lisha;Centini;64 5th Ave #1153;Mc Lean;Fairfax;MA;22102;703-235-3937;703-475-7568;wynell_dorshorst@dorshorst.org
Arlene;Klusman;3 Secor Rd;New Orleans;Orleans;TX;70112;504-710-5840;504-946-1807;sheron@aol.com
Alease;Buemi;4 Webbs Chapel Rd;Boulder;Boulder;OH;80303;303-301-4946;303-521-9860;rodolfo@hotmail.com
Louisa;Cronauer;524 Louisiana Ave Nw;San Leandro;Alameda;CA;94577;510-828-7047;510-472-7758;zona@hotmail.com
Angella;Cetta;185 Blackstone Bldge;Honolulu;Honolulu;TX;96817;808-892-7943;808-475-2310;erick_nievas@aol.com
Cyndy;Goldammer;170 Wyoming Ave;Burnsville;Dakota;WI;55337;952-334-9408;952-938-9457;jennie@cox.net
Rosio;Cork;4 10th St W;High Point;Guilford;TX;27263;336-243-5659;336-497-4407;cventura@yahoo.com
Celeste;Korando;7 W Pinhook Rd;Lynbrook;Nassau;NY;11563;516-509-2347;516-365-7266;dalene@schoeneck.org
Twana;Felger;1 Commerce Way;Portland;Washington;NJ;97224;503-939-3153;503-909-7167;gertude.witten@gmail.com
Estrella;Samu;64 Lakeview Ave;Beloit;Rock;OH;53511;608-976-7199;608-942-8836;gberray@gmail.com
Donte;Kines;3 Aspen St;Worcester;Worcester;NY;1602;508-429-8576;508-843-1426;lnewville@newville.com
Tiffiny;Steffensmeier;32860 Sierra Rd;Miami;Miami-Dade;AZ;33133;305-385-9695;305-304-6573;cordelia_storment@aol.com
Edna;Miceli;555 Main St;Erie;Erie;IN;16502;814-460-2655;814-299-2877;teddy_pedrozo@aol.com
Sue;Kownacki;2 Se 3rd Ave;Mesquite;Dallas;NY;75149;972-666-3413;972-742-4000;tasia_andreason@yahoo.com
Jesusa;Shin;A Thomas Esq;2239 Shawnee Mission Pky;Tullahoma;NJ;37388;931-739-1551;931-273-8709;hubert@walthall.org
Rolland;Francescon;Richard L Esq;2726 Charcot Ave;Paterson;NY;7501;973-284-4048;973-649-2922;arthur.farrow@yahoo.com
Pamella;Schmierer;5161 Dorsett Rd;Homestead;Miami-Dade;MN;33030;305-420-8970;305-575-8481;vberlanga@berlanga.com
Glory;Kulzer;55892 Jacksonville Rd;Owings Mills;Baltimore;PA;21117;410-224-9462;410-916-8015;billye_miro@cox.net
Shawna;Palaspas;James L Esq;5 N Cleveland Massillon Rd;Thousand Oaks;LA;91362;805-638-6617;805-275-3566;catarina_gleich@hotmail.com
Brandon;Callaro;7 Benton Dr;Honolulu;Honolulu;NY;96819;808-215-6832;808-240-5168;vkiel@hotmail.com
Scarlet;Cartan;J Calvin Esq;9390 S Howell Ave;Albany;CA;31701;229-365-9658;229-735-3378;hoa@sarao.org
Oretha;Menter;8 County Center Dr #647;Boston;Suffolk;ID;2210;617-418-5043;617-697-6024;mari_lueckenbach@yahoo.com
Ty;Smith;4646 Kaahumanu St;Hackensack;Bergen;TX;7601;201-672-1553;201-995-3149;clorinda.heimann@hotmail.com
Xuan;Rochin;Drake Sparks Esq;2 Monroe St;San Mateo;NV;94403;650-247-2625;650-933-5072;caprice@aol.com
Lindsey;Dilello;52777 Leaders Heights Rd;Ontario;San Bernardino;NJ;91761;909-639-9887;909-589-1693;clapage@lapage.com
Devora;Perez;72868 Blackington Ave;Oakland;Alameda;SC;94606;510-955-3016;510-755-9274;cassi.wildfong@aol.com
Herman;Demesa;9 Norristown Rd;Troy;Rensselaer;NY;12180;518-497-2940;518-931-7852;lonna_diestel@gmail.com
Rory;Papasergi;83 County Road 437 #8581;Clarks Summit;Lackawanna;CA;18411;570-867-7489;570-469-8401;nan@koppinger.com
Talia;Riopelle;1 N Harlem Ave #9;Orange;Essex;MA;7050;973-245-2133;973-818-9788;idewar@dewar.com
Van;Shire;90131 J St;Pittstown;Hunterdon;CA;8867;908-409-2890;908-448-1209;sbourbon@yahoo.com
Lucina;Lary;Albert J Jr;8597 W National Ave;Cocoa;NJ;32922;321-632-4668;321-749-4981;roslyn.chavous@chavous.org
Bok;Isaacs;6 Gilson St;Bronx;Bronx;IL;10468;718-809-3762;718-478-8568;rasheeda@aol.com
Rolande;Spickerman;65 W Maple Ave;Pearl City;Honolulu;NJ;96782;808-315-3077;808-526-5863;alpha@yahoo.com
Howard;Paulas;J Alan Esq;866 34th Ave;Denver;OH;80231;303-692-3118;303-623-4241;jgabisi@hotmail.com
Kimbery;Madarang;Arthur L Esq;798 Lund Farm Way;Rockaway;CA;7866;973-225-6259;973-310-1634;gail_similton@similton.com
Thurman;Manno;9387 Charcot Ave;Absecon;Atlantic;FL;8201;609-524-3586;609-234-8376;carlee.boulter@hotmail.com
Becky;Mirafuentes;30553 Washington Rd;Plainfield;Union;CA;7062;908-877-8409;908-426-8272;joles@gmail.com
Beatriz;Corrington;481 W Lemon St;Middleboro;Plymouth;PA;2346;508-584-4279;508-315-3867;beatriz@yahoo.com
Marti;Maybury;Kristin K Esq;4 Warehouse Point Rd #7;Chicago;CA;60638;773-539-1058;773-775-4522;
Nieves;Gotter;John J Esq;4940 Pulaski Park Dr;Portland;NJ;97202;503-455-3094;503-527-5274;
Leatha;Hagele;627 Walford Ave;Dallas;Dallas;NY;75227;214-339-1809;214-225-5850;lhagele@cox.net
Valentin;Klimek;Gayanne K Esq;137 Pioneer Way;Chicago;CA;60604;312-512-2338;312-303-5453;
Melissa;Wiklund;61 13 Stoneridge #835;Findlay;Hancock;NJ;45840;419-939-3613;419-254-4591;melissa@cox.net
Sheridan;Zane;2409 Alabama Rd;Riverside;Riverside;OR;92501;951-645-3605;951-248-6822;sheridan.zane@zane.com
Bulah;Padilla;8927 Vandever Ave;Waco;McLennan;GA;76707;254-463-4368;254-816-8417;bulah_padilla@hotmail.com
Audra;Kohnert;Karolyn King Esq;134 Lewis Rd;Nashville;FL;37211;615-448-9249;615-406-7854;
Daren;Weirather;9 N College Ave #3;Milwaukee;Milwaukee;TX;53216;414-959-2540;414-838-3151;dweirather@aol.com
Fernanda;Jillson;Edward L Esq;60480 Old Us Highway 51;Preston;NY;21655;410-724-6472;410-387-5260;
Gearldine;Gellinger;4 Bloomfield Ave;Irving;Dallas;FL;75061;972-934-6914;972-821-7118;gearldine_gellinger@gellinger.com
Chau;Kitzman;Edward Esq;429 Tiger Ln;Beverly Hills;NY;90212;310-969-7230;310-560-8022;
Theola;Frey;54169 N Main St;Massapequa;Nassau;PA;11758;516-948-5768;516-357-3362;theola_frey@frey.com
Cheryl;Haroldson;92 Main St;Atlantic City;Atlantic;CA;8401;609-518-7697;609-263-9243;cheryl@haroldson.org
Laticia;Merced;72 Mannix Dr;Cincinnati;Hamilton;CA;45203;513-508-7371;513-418-1566;lmerced@gmail.com
Carissa;Batman;Kim David Esq;12270 Caton Center Dr;Eugene;PA;97401;541-801-5717;541-326-4074;
Lezlie;Craghead;Carolyn Esq;749 W 18th St #45;Smithfield;LA;27577;919-885-2453;919-533-3762;
Ozell;Shealy;8 Industry Ln;New York;New York;MI;10002;212-332-8435;212-880-8865;oshealy@hotmail.com
Arminda;Parvis;1 Huntwood Ave;Phoenix;Maricopa;TX;85017;602-906-9419;602-277-3025;arminda@parvis.com
Reita;Leto;55262 N French Rd;Indianapolis;Marion;TX;46240;317-234-1135;317-787-5514;reita.leto@gmail.com
Yolando;Luczki;422 E 21st St;Syracuse;Onondaga;WA;13214;315-304-4759;315-640-6357;yolando@cox.net
Lizette;Stem;501 N 19th Ave;Cherry Hill;Camden;CA;8002;856-487-5412;856-702-3676;lizette.stem@aol.com
Gregoria;Pawlowicz;455 N Main Ave;Garden City;Nassau;CA;11530;516-212-1915;516-376-4230;gpawlowicz@yahoo.com
Carin;Deleo;Debbie;1844 Southern Blvd;Little Rock;FL;72202;501-409-6072;501-308-1040;
Chantell;Maynerich;2023 Greg St;Saint Paul;Ramsey;CA;55101;651-591-2583;651-776-9688;chantell@yahoo.com
Dierdre;Yum;63381 Jenks Ave;Philadelphia;Philadelphia;MA;19134;215-325-3042;215-346-4666;dyum@yahoo.com
Larae;Gudroe;6651 Municipal Rd;Houma;Terrebonne;TX;70360;985-890-7262;985-261-5783;larae_gudroe@gmail.com
Latrice;Tolfree;81 Norris Ave #525;Ronkonkoma;Suffolk;WI;11779;631-957-7624;631-998-2102;latrice.tolfree@hotmail.com
Kerry;Theodorov;6916 W Main St;Sacramento;Sacramento;CA;95827;916-591-3277;916-770-7448;kerry.theodorov@gmail.com
Dorthy;Hidvegi;9635 S Main St;Boise;Ada;NY;83704;208-649-2373;208-690-3315;dhidvegi@yahoo.com
Fannie;Lungren;17 Us Highway 111;Round Rock;Williamson;TX;78664;512-587-5746;512-528-9933;fannie.lungren@yahoo.com
Evangelina;Radde;Jan Esq;992 Civic Center Dr;Philadelphia;NY;19123;215-417-5612;215-964-3284;
Novella;Degroot;C Kelly Esq;303 N Radcliffe St;Hilo;NJ;96720;808-746-1865;808-477-4775;
Clay;Hoa;73 Saint Ann St #86;Reno;Washoe;MI;89502;775-501-8109;775-848-9135;choa@hoa.org
Jennifer;Fallick;Daniel J Esq;44 58th St;Wheeling;NY;60090;847-800-3054;847-979-9545;
Irma;Wolfgramm;9745 W Main St;Randolph;Morris;OH;7869;973-545-7355;973-868-8660;irma.wolfgramm@hotmail.com
Eun;Coody;84 Bloomfield Ave;Spartanburg;Spartanburg;CT;29301;864-256-3620;864-594-4578;eun@yahoo.com
Sylvia;Cousey;Charles E;287 Youngstown Warren Rd;Hampstead;MA;21074;410-863-8263;410-209-9545;
Nana;Wrinkles;Milbern D;6 Van Buren St;Mount Vernon;OH;10553;914-796-3775;914-855-2115;
Layla;Springe;229 N Forty Driv;New York;New York;CA;10011;212-260-3151;212-253-7448;layla.springe@cox.net
Joesph;Degonia;2887 Knowlton St #5435;Berkeley;Alameda;WY;94710;510-677-9785;510-942-5916;joesph_degonia@degonia.org
Annabelle;Boord;523 Marquette Ave;Concord;Middlesex;ME;1742;978-697-6263;978-289-7717;annabelle.boord@cox.net
Stephaine;Vinning;3717 Hamann Industrial Pky;San Francisco;San Francisco;CA;94104;415-767-6596;415-712-9530;stephaine@cox.net
Nelida;Sawchuk;3 State Route 35 S;Paramus;Bergen;TX;7652;201-971-1638;201-247-8925;nelida@gmail.com
Marguerita;Hiatt;George D Md;82 N Highway 67;Oakley;NJ;94561;925-541-8521;925-634-7158;
Carmela;Cookey;9 Murfreesboro Rd;Chicago;Cook;NJ;60623;773-494-4195;773-297-9391;ccookey@cookey.org
Junita;Brideau;6 S Broadway St;Cedar Grove;Essex;NY;7009;973-943-3423;973-582-5469;jbrideau@aol.com
Claribel;Varriano;6 Harry L Dr #6327;Perrysburg;Wood;MO;43551;419-544-4900;419-573-2033;claribel_varriano@cox.net
Benton;Skursky;47939 Porter Ave;Gardena;Los Angeles;CA;90248;310-579-2907;310-694-8466;benton.skursky@aol.com
Hillary;Skulski;9 Wales Rd Ne #914;Homosassa;Citrus;NJ;34448;352-242-2570;352-990-5946;hillary.skulski@aol.com
Merilyn;Bayless;195 13n N;Santa Clara;Santa Clara;WA;95054;408-758-5015;408-346-2180;merilyn_bayless@cox.net
Teri;Ennaco;99 Tank Farm Rd;Hazleton;Luzerne;NC;18201;570-889-5187;570-355-1665;tennaco@gmail.com
Merlyn;Lawler;Jeffrey L Esq;4671 Alemany Blvd;Jersey City;KS;7304;201-858-9960;201-588-7810;
Georgene;Montezuma;98 University Dr;San Ramon;Contra Costa;FL;94583;925-615-5185;925-943-3449;gmontezuma@cox.net
Jettie;Mconnell;50 E Wacker Dr;Bridgewater;Somerset;MN;8807;908-802-3564;908-602-5258;jmconnell@hotmail.com
Lemuel;Latzke;70 Euclid Ave #722;Bohemia;Suffolk;SC;11716;631-748-6479;631-291-4976;lemuel.latzke@gmail.com
Melodie;Knipp;326 E Main St #6496;Thousand Oaks;Ventura;CA;91362;805-690-1682;805-810-8964;mknipp@gmail.com
Candida;Corbley;406 Main St;Somerville;Somerset;IL;8876;908-275-8357;908-943-6103;candida_corbley@hotmail.com
Karan;Karpin;3 Elmwood Dr;Beaverton;Washington;CO;97005;503-940-8327;503-707-5812;karan_karpin@gmail.com
Andra;Scheyer;George O Esq;9 Church St;Salem;CT;97302;503-950-3068;503-516-2189;
Felicidad;Poullion;Tom S Esq;9939 N 14th St;Riverton;WA;8077;856-828-6021;856-305-9731;
Belen;Strassner;5384 Southwyck Blvd;Douglasville;Douglas;OH;30135;770-507-8791;770-802-4003;belen_strassner@aol.com
Gracia;Melnyk;97 Airport Loop Dr;Jacksonville;Duval;NH;32216;904-235-3633;904-627-4341;gracia@melnyk.com
Jolanda;Hanafan;Joseph J Esq;37855 Nolan Rd;Bangor;FL;4401;207-233-6185;207-458-9196;
Barrett;Toyama;4252 N Washington Ave #9;Kennedale;Tarrant;NY;76060;817-765-5781;817-577-6151;barrett.toyama@toyama.org
Helga;Fredicks;42754 S Ash Ave;Buffalo;Erie;CA;14228;716-752-4114;716-854-9845;helga_fredicks@yahoo.com
Ashlyn;Pinilla;703 Beville Rd;Opa Locka;Miami-Dade;MI;33054;305-670-9628;305-857-5489;apinilla@cox.net
Fausto;Agramonte;5 Harrison Rd;New York;New York;IN;10038;212-313-1783;212-778-3063;fausto_agramonte@yahoo.com
Ronny;Caiafa;73 Southern Blvd;Philadelphia;Philadelphia;CT;19103;215-605-7570;215-511-3531;ronny.caiafa@caiafa.org
Marge;Limmel;Robert D Jr;189 Village Park Rd;Crestview;MD;32536;850-330-8079;850-430-1663;
Norah;Waymire;Jeffery L Esq;6 Middlegate Rd #106;San Francisco;LA;94107;415-874-2984;415-306-7897;
Aliza;Baltimore;J Robert Esq;1128 Delaware St;San Jose;VA;95132;408-425-1994;408-504-3552;
Mozell;Pelkowski;577 Parade St;South San Francisco;San Mateo;PA;94080;650-947-1215;650-960-1069;mpelkowski@pelkowski.org
Viola;Bitsuie;70 Mechanic St;Northridge;Los Angeles;MN;91325;818-864-4875;818-481-5787;viola@gmail.com
Franklyn;Emard;4379 Highway 116;Philadelphia;Philadelphia;WI;19103;215-558-8189;215-483-3003;femard@emard.com
Willodean;Konopacki;55 Hawthorne Blvd;Lafayette;Lafayette;NJ;70506;337-253-8384;337-774-7564;willodean_konopacki@konopacki.org
Beckie;Silvestrini;7116 Western Ave;Dearborn;Wayne;ND;48126;313-533-4884;313-390-7855;beckie.silvestrini@silvestrini.com
Rebecka;Gesick;2026 N Plankinton Ave #3;Austin;Travis;NV;78754;512-213-8574;512-693-8345;rgesick@gesick.org
Frederica;Blunk;99586 Main St;Dallas;Dallas;AZ;75207;214-428-2285;214-529-1949;frederica_blunk@gmail.com
Glen;Bartolet;8739 Hudson St;Vashon;King;MD;98070;206-697-5796;206-389-1482;glen_bartolet@hotmail.com
Freeman;Gochal;William T Esq;383 Gunderman Rd #197;Coatesville;NY;19320;610-752-2683;610-476-3501;
Vincent;Meinerding;Peter D Esq;4441 Point Term Mkt;Philadelphia;TX;19143;215-829-4221;215-372-1718;
Rima;Bevelacqua;2972 Lafayette Ave;Gardena;Los Angeles;GA;90248;310-858-5079;310-499-4200;rima@cox.net
Glendora;Sarbacher;2140 Diamond Blvd;Rohnert Park;Sonoma;MA;94928;707-653-8214;707-881-3154;gsarbacher@gmail.com
Avery;Steier;93 Redmond Rd #492;Orlando;Orange;MI;32803;407-808-9439;407-945-8566;avery@cox.net
Cristy;Lother;3989 Portage Tr;Escondido;San Diego;NJ;92025;760-971-4322;760-465-4762;cristy@lother.com
Nicolette;Brossart;1 Midway Rd;Westborough;Worcester;LA;1581;508-837-9230;508-504-6388;nicolette_brossart@brossart.com
Tracey;Modzelewski;77132 Coon Rapids Blvd Nw;Conroe;Montgomery;PA;77301;936-264-9294;936-988-8171;tracey@hotmail.com
Virgina;Tegarden;755 Harbor Way;Milwaukee;Milwaukee;TX;53226;414-214-8697;414-411-5744;virgina_tegarden@tegarden.com
Tiera;Frankel;87 Sierra Rd;El Monte;Los Angeles;GA;91731;626-636-4117;626-638-4241;tfrankel@aol.com
Alaine;Bergesen;7667 S Hulen St #42;Yonkers;Westchester;CA;10701;914-300-9193;914-654-1426;alaine_bergesen@cox.net
Earleen;Mai;75684 S Withlapopka Dr #32;Dallas;Dallas;MI;75227;214-289-1973;214-785-6750;earleen_mai@cox.net
Leonida;Gobern;Armstead J Esq;5 Elmwood Park Blvd;Biloxi;AZ;39530;228-432-4635;228-235-5615;
Ressie;Auffrey;James C Cpa;23 Palo Alto Sq;Miami;PA;33134;305-287-4743;305-604-8981;
Justine;Mugnolo;38062 E Main St;New York;New York;TX;10048;212-304-9225;212-311-6377;jmugnolo@yahoo.com
Eladia;Saulter;3958 S Dupont Hwy #7;Ramsey;Bergen;MT;7446;201-474-4924;201-365-8698;eladia@saulter.com
Chaya;Malvin;560 Civic Center Dr;Ann Arbor;Washtenaw;NJ;48103;734-928-5182;734-408-8174;chaya@malvin.com
Gwenn;Suffield;3270 Dequindre Rd;Deer Park;Suffolk;MI;11729;631-258-6558;631-295-9879;gwenn_suffield@suffield.org
Salena;Karpel;1 Garfield Ave #7;Canton;Stark;OH;44707;330-791-8557;330-618-2579;skarpel@cox.net
Yoko;Fishburne;9122 Carpenter Ave;New Haven;New Haven;TX;6511;203-506-4706;203-840-8634;yoko@fishburne.com
Taryn;Moyd;Mark J Esq;48 Lenox St;Fairfax;NY;22030;703-938-7939;703-322-4041;
Katina;Polidori;5 Little River Tpke;Wilmington;Middlesex;RI;1887;978-626-2978;978-679-7429;katina_polidori@aol.com
Rickie;Plumer;3 N Groesbeck Hwy;Toledo;Lucas;NY;43613;419-693-1334;419-313-5571;rickie.plumer@aol.com
Alex;Loader;Scott Esq;37 N Elm St #916;Tacoma;CA;98409;253-875-9222;253-660-7821;
Lashon;Vizarro;433 Westminster Blvd #590;Roseville;Placer;OH;95661;916-741-7884;916-289-4526;lashon@aol.com
Lauran;Burnard;66697 Park Pl #3224;Riverton;Fremont;VA;82501;307-342-7795;307-453-7589;lburnard@burnard.com
Ceola;Setter;96263 Greenwood Pl;Warren;Knox;GA;4864;207-627-7565;207-297-5029;ceola.setter@setter.org
My;Rantanen;Paul J;8 Mcarthur Ln;Richboro;LA;18954;215-647-2158;215-491-5633;
Lorrine;Worlds;Nicholas J Esq;8 Fair Lawn Ave;Tampa;NJ;33614;813-863-6467;813-769-2939;
Peggie;Sturiale;9 N 14th St;El Cajon;San Diego;NJ;92020;619-608-1763;619-695-8086;peggie@cox.net
Marvel;Raymo;9 Vanowen St;College Station;Brazos;ID;77840;979-718-8968;979-809-5770;mraymo@yahoo.com
Daron;Dinos;Warren R Esq;18 Waterloo Geneva Rd;Highland Park;CA;60035;847-265-6609;847-233-3075;
An;Fritz;506 S Hacienda Dr;Atlantic City;Atlantic;MA;8401;609-228-5265;609-854-7156;an_fritz@hotmail.com
Portia;Stimmel;3732 Sherman Ave;Bridgewater;Somerset;MI;8807;908-722-7128;908-670-4712;portia.stimmel@aol.com
Rhea;Aredondo;25657 Live Oak St;Brooklyn;Kings;CO;11226;718-560-9537;718-280-4183;rhea_aredondo@cox.net
Benedict;Sama;4923 Carey Ave;Saint Louis;Saint Louis City;MD;63104;314-787-1588;314-858-4832;bsama@cox.net
Alyce;Arias;3196 S Rider Trl;Stockton;San Joaquin;MA;95207;209-317-1801;209-242-7022;alyce@arias.org
Heike;Berganza;3 Railway Ave #75;Little Falls;Passaic;MD;7424;973-936-5095;973-822-8827;heike@gmail.com
Carey;Dopico;John Esq;87393 E Highland Rd;Indianapolis;TX;46220;317-441-5848;317-578-2453;
Dottie;Hellickson;67 E Chestnut Hill Rd;Seattle;King;AZ;98133;206-540-6076;206-295-5631;dottie@hellickson.org
Deandrea;Hughey;33 Lewis Rd #46;Burlington;Alamance;OH;27215;336-822-7652;336-467-3095;deandrea@yahoo.com
Kimberlie;Duenas;8100 Jacksonville Rd #7;Hays;Ellis;WA;67601;785-629-8542;785-616-1685;kimberlie_duenas@yahoo.com
Martina;Staback;7 W Wabansia Ave #227;Orlando;Orange;IL;32822;407-471-6908;407-429-2145;martina_staback@staback.com
Skye;Fillingim;25 Minters Chapel Rd #9;Minneapolis;Hennepin;NY;55401;612-508-2655;612-664-6304;skye_fillingim@yahoo.com
Jade;Farrar;6882 Torresdale Ave;Columbia;Richland;FL;29201;803-352-5387;803-975-3405;jade.farrar@yahoo.com
Charlene;Hamilton;985 E 6th Ave;Santa Rosa;Sonoma;CA;95407;707-300-1771;707-821-8037;charlene.hamilton@hotmail.com
Geoffrey;Acey;7 West Ave #1;Palatine;Cook;FL;60067;847-222-1734;847-556-2909;geoffrey@gmail.com
Stevie;Westerbeck;Dennis W Md;26659 N 13th St;Costa Mesa;CA;92626;949-903-3898;949-867-4077;
Pamella;Fortino;669 Packerland Dr #1438;Denver;Denver;MD;80212;303-404-2210;303-794-1341;pamella@fortino.com
Harrison;Haufler;759 Eldora St;New Haven;New Haven;CA;6515;203-801-6193;203-801-8497;hhaufler@hotmail.com
Johnna;Engelberg;5 S Colorado Blvd #449;Bothell;Snohomish;MO;98021;425-986-7573;425-700-3751;jengelberg@engelberg.org
Buddy;Cloney;944 Gaither Dr;Strongsville;Cuyahoga;TX;44136;440-989-5826;440-327-2093;buddy.cloney@yahoo.com
Dalene;Riden;66552 Malone Rd;Plaistow;Rockingham;NC;3865;603-315-6839;603-745-7497;dalene.riden@aol.com
Jerry;Zurcher;77 Massillon Rd #822;Satellite Beach;Brevard;NJ;32937;321-518-5938;321-597-2159;jzurcher@zurcher.org
Haydee;Denooyer;25346 New Rd;New York;New York;TN;10016;212-792-8658;212-782-3493;hdenooyer@denooyer.org
Joseph;Cryer;60 Fillmore Ave;Huntington Beach;Orange;GA;92647;714-584-2237;714-698-2170;joseph_cryer@cox.net
Deonna;Kippley;57 Haven Ave #90;Southfield;Oakland;MN;48075;248-913-4677;248-793-4966;deonna_kippley@hotmail.com
Raymon;Calvaresi;6538 E Pomona St #60;Indianapolis;Marion;AZ;46222;317-825-4724;317-342-1532;raymon.calvaresi@gmail.com
Alecia;Bubash;James E Esq;6535 Joyce St;Wichita Falls;GA;76301;940-302-3036;940-276-7922;
Ma;Layous;78112 Morris Ave;North Haven;New Haven;IN;6473;203-721-3388;203-564-1543;mlayous@hotmail.com
Detra;Coyier;96950 Hidden Ln;Aberdeen;Harford;MS;21001;410-739-9277;410-259-2118;detra@aol.com
Terrilyn;Rodeigues;3718 S Main St;New Orleans;Orleans;MI;70130;504-463-4384;504-635-8518;terrilyn.rodeigues@cox.net
Salome;Lacovara;9677 Commerce Dr;Richmond;Richmond City;CO;23219;804-550-5097;804-858-1011;slacovara@gmail.com
Garry;Keetch;5 Green Pond Rd #4;Southampton;Bucks;NY;18966;215-979-8776;215-846-9046;garry_keetch@hotmail.com
Matthew;Neither;636 Commerce Dr #42;Shakopee;Scott;CA;55379;952-651-7597;952-906-4597;mneither@yahoo.com
Theodora;Restrepo;Patricia S Esq;42744 Hamann Industrial Pky #82;Miami;CA;33136;305-573-1085;305-936-8226;
Noah;Kalafatis;1950 5th Ave;Milwaukee;Milwaukee;OH;53209;414-263-5287;414-660-9766;noah.kalafatis@aol.com
Carmen;Sweigard;61304 N French Rd;Somerset;Somerset;NJ;8873;732-941-2621;732-445-6940;csweigard@sweigard.com
Lavonda;Hengel;87 Imperial Ct #79;Fargo;Cass;AK;58102;701-898-2154;701-421-7080;lavonda@cox.net
Junita;Stoltzman;94 W Dodge Rd;Carson City;Carson City;CA;89701;775-638-9963;775-578-1214;junita@aol.com
Herminia;Nicolozakes;4 58th St #3519;Scottsdale;Maricopa;PA;85254;602-954-5141;602-304-6433;herminia@nicolozakes.org
Casie;Good;Debbie J Esq;5221 Bear Valley Rd;Nashville;WA;37211;615-825-4297;615-390-2251;
Reena;Maisto;9648 S Main;Salisbury;Wicomico;NY;21801;410-351-1863;410-951-2667;reena@hotmail.com
Mirta;Mallett;7 S San Marcos Rd;New York;New York;MD;10004;212-870-1286;212-745-6948;mirta_mallett@gmail.com
Cathrine;Pontoriero;812 S Haven St;Amarillo;Randall;NY;79109;806-703-1435;806-558-5848;cathrine.pontoriero@pontoriero.com
Filiberto;Tawil;Elena Salerno Esq;3882 W Congress St #799;Los Angeles;MA;90016;323-842-8226;323-765-2528;
Raul;Upthegrove;Gregory W Esq;4 E Colonial Dr;La Mesa;OK;91942;619-666-4765;619-509-5282;
Sarah;Candlish;45 2nd Ave #9759;Atlanta;Fulton;MI;30328;770-732-1194;770-531-2842;sarah.candlish@gmail.com
Lucy;Treston;57254 Brickell Ave #372;Worcester;Worcester;OH;1602;508-769-5250;508-502-5634;lucy@cox.net
Judy;Aquas;8977 Connecticut Ave Nw #3;Niles;Berrien;CA;49120;269-756-7222;269-431-9464;jaquas@aquas.com
Yvonne;Tjepkema;9 Waydell St;Fairfield;Essex;TN;7004;973-714-1721;973-976-8627;yvonne.tjepkema@hotmail.com
Kayleigh;Lace;43 Huey P Long Ave;Lafayette;Lafayette;CO;70508;337-740-9323;337-751-2326;kayleigh.lace@yahoo.com
Felix;Hirpara;7563 Cornwall Rd #4462;Denver;Lancaster;TN;17517;717-491-5643;717-583-1497;felix_hirpara@cox.net
Tresa;Sweely;Grant S Esq;22 Bridle Ln;Valley Park;CA;63088;314-231-3514;314-359-9566;
Kristeen;Turinetti;70099 E North Ave;Arlington;Tarrant;IL;76013;817-213-8851;817-947-9480;kristeen@gmail.com
Jenelle;Regusters;Brian F Esq;3211 E Northeast Loop;Tampa;NY;33619;813-357-7296;813-932-8715;
Renea;Monterrubio;26 Montgomery St;Atlanta;Fulton;WA;30328;770-679-4752;770-930-9967;renea@hotmail.com
Olive;Matuszak;13252 Lighthouse Ave;Cathedral City;Riverside;MD;92234;760-938-6069;760-745-2649;olive@aol.com
Ligia;Reiber;206 Main St #2804;Lansing;Ingham;NJ;48933;517-906-1108;517-747-7664;lreiber@cox.net
Christiane;Eschberger;96541 W Central Blvd;Phoenix;Maricopa;CA;85034;602-390-4944;602-330-6894;christiane.eschberger@yahoo.com
Goldie;Schirpke;Arthur C Jr;34 Saint George Ave #2;Bangor;NJ;4401;207-748-3722;207-295-7569;
Loreta;Timenez;Katherine Andritsaki;47857 Coney Island Ave;Clinton;VA;20735;301-392-6698;301-696-6420;
Fabiola;Hauenstein;8573 Lincoln Blvd;York;York;AZ;17404;717-809-3119;717-344-2804;fabiola.hauenstein@hauenstein.org
Amie;Perigo;596 Santa Maria Ave #7913;Mesquite;Dallas;FL;75150;972-419-7946;972-898-1033;amie.perigo@yahoo.com
Raina;Brachle;3829 Ventura Blvd;Butte;Silver Bow;AZ;59701;406-318-1515;406-374-7752;raina.brachle@brachle.org
Erinn;Canlas;13 S Hacienda Dr;Livingston;Essex;CA;7039;973-767-3008;973-563-9502;erinn.canlas@canlas.com
Cherry;Lietz;40 9th Ave Sw #91;Waterford;Oakland;NJ;48329;248-980-6904;248-697-7722;cherry@lietz.com
Kattie;Vonasek;2845 Boulder Crescent St;Cleveland;Cuyahoga;CA;44103;216-923-3715;216-270-9653;kattie@vonasek.org
Lilli;Scriven;John J Esq;33 State St;Abilene;MA;79601;325-667-7868;325-631-1560;
Whitley;Tomasulo;2 S 15th St;Fort Worth;Tarrant;CA;76107;817-526-4408;817-819-7799;whitley.tomasulo@aol.com
Barbra;Adkin;4 Kohler Memorial Dr;Brooklyn;Kings;PA;11230;718-201-3751;718-732-9475;badkin@hotmail.com
Hermila;Thyberg;1 Rancho Del Mar Shopping C;Providence;Providence;AZ;2903;401-893-4882;401-885-7681;hermila_thyberg@hotmail.com
Jesusita;Flister;Edward J Jr;3943 N Highland Ave;Lancaster;FL;17601;717-686-7564;717-885-9118;
Caitlin;Julia;Seymour Cpa;5 Williams St;Johnston;KY;2919;401-552-9059;401-948-4982;
Roosevelt;Hoffis;Myron;60 Old Dover Rd;Hialeah;MI;33014;305-302-1135;305-622-4739;
Helaine;Halter;Mike;8 Sheridan Rd;Jersey City;TX;7304;201-412-3040;201-832-4168;
Lorean;Martabano;Hogg P Esq;85092 Southern Blvd;San Antonio;NJ;78204;210-634-2447;210-856-4979;
France;Buzick;64 Newman Springs Rd E;Brooklyn;Kings;FL;11219;718-478-8504;718-853-3740;france.buzick@yahoo.com
Justine;Ferrario;48 Stratford Ave;Pomona;Los Angeles;TN;91768;909-993-3242;909-631-5703;jferrario@hotmail.com
Adelina;Nabours;80 Pittsford Victor Rd #9;Cleveland;Cuyahoga;CA;44103;216-230-4892;216-937-5320;adelina_nabours@gmail.com
Derick;Dhamer;Eugene A Esq;87163 N Main Ave;New York;PA;10013;212-225-9676;212-304-4515;
Jerry;Dallen;393 Lafayette Ave;Richmond;Richmond City;NJ;23219;804-762-9576;804-808-9574;jerry.dallen@yahoo.com
Leota;Ragel;99 5th Ave #33;Trion;Chattooga;PA;30753;706-221-4243;706-616-5131;leota.ragel@gmail.com
Jutta;Amyot;49 N Mays St;Broussard;Lafayette;UT;70518;337-515-1438;337-991-8070;jamyot@hotmail.com
Aja;Gehrett;993 Washington Ave;Nutley;Essex;CA;7110;973-544-2677;973-986-4456;aja_gehrett@hotmail.com
Kirk;Herritt;H Duane Esq;88 15th Ave Ne;Vestal;MI;13850;607-350-7690;607-407-3716;
Leonora;Mauson;3381 E 40th Ave;Passaic;Passaic;NY;7055;973-412-2995;973-355-2120;leonora@yahoo.com
Winfred;Brucato;201 Ridgewood Rd;Moscow;Latah;IN;83843;208-252-4552;208-793-4108;winfred_brucato@hotmail.com
Tarra;Nachor;39 Moccasin Dr;San Francisco;San Francisco;FL;94104;415-411-1775;415-284-2730;tarra.nachor@cox.net
Corinne;Loder;4 Carroll St;North Attleboro;Bristol;NJ;2760;508-942-4186;508-618-7826;corinne@loder.org
Dulce;Labreche;9581 E Arapahoe Rd;Rochester;Oakland;NJ;48307;248-357-8718;248-811-5696;dulce_labreche@yahoo.com
Kate;Keneipp;Maxon R Esq;33 N Michigan Ave;Green Bay;WI;54301;920-355-1610;920-353-6377;
Kaitlyn;Ogg;Paul E Esq;2 S Biscayne Blvd;Baltimore;NY;21230;410-773-3862;410-665-4903;
Sherita;Saras;8 Us Highway 22;Colorado Springs;El Paso;NJ;80937;719-669-1664;719-547-9543;sherita.saras@cox.net
Lashawnda;Stuer;J Christopher Esq;7422 Martin Ave #8;Toledo;TX;43607;419-399-1744;419-588-8719;
Ernest;Syrop;94 Chase Rd;Hyattsville;Prince Georges;IL;20785;301-998-9644;301-257-4883;ernest@cox.net
Nobuko;Halsey;8139 I Hwy 10 #92;New Bedford;Bristol;NJ;2745;508-855-9887;508-897-7916;nobuko.halsey@yahoo.com
Lavonna;Wolny;Kenneth A Esq;5 Cabot Rd;Mc Lean;NE;22102;703-892-2914;703-483-1970;
Lashaunda;Lizama;3387 Ryan Dr;Hanover;Anne Arundel;VA;21076;410-678-2473;410-912-6032;llizama@cox.net
Mariann;Bilden;3125 Packer Ave #9851;Austin;Travis;TX;78753;512-223-4791;512-742-1149;mariann.bilden@aol.com
Helene;Rodenberger;347 Chestnut St;Peoria;Maricopa;NY;85381;623-461-8551;623-426-4907;helene@aol.com
Roselle;Estell;8116 Mount Vernon Ave;Bucyrus;Crawford;FL;44820;419-571-5920;419-488-6648;roselle.estell@hotmail.com
Samira;Heintzman;8772 Old County Rd #5410;Kent;King;IN;98032;206-311-4137;206-923-6042;sheintzman@hotmail.com
Margart;Meisel;Arthur L Aia;868 State St #38;Cincinnati;MO;45251;513-747-9603;513-617-2362;
Kristofer;Bennick;Ronald J Esq;772 W River Dr;Bloomington;TX;47404;812-442-8544;812-368-1511;
Weldon;Acuff;73 W Barstow Ave;Arlington Heights;Cook;CA;60004;847-353-2156;847-613-5866;wacuff@gmail.com
Shalon;Shadrick;61047 Mayfield Ave;Brooklyn;Kings;FL;11223;718-232-2337;718-394-4974;shalon@cox.net
Denise;Patak;2139 Santa Rosa Ave;Orlando;Orange;WY;32801;407-446-4358;407-808-3254;denise@patak.org
Louvenia;Beech;598 43rd St;Beverly Hills;Los Angeles;NY;90210;310-820-2117;310-652-2379;louvenia.beech@beech.com
Audry;Yaw;70295 Pioneer Ct;Brandon;Hillsborough;NJ;33511;813-797-4816;813-744-7100;audry.yaw@yaw.org
Kristel;Ehmann;Joy Reynolds Esq;92899 Kalakaua Ave;El Paso;PA;79925;915-300-6100;915-452-1290;
Vincenza;Zepp;395 S 6th St #2;El Cajon;San Diego;CA;92020;619-603-5125;619-935-6661;vzepp@gmail.com
Elouise;Gwalthney;9506 Edgemore Ave;Bladensburg;Prince Georges;NJ;20710;301-841-5012;301-591-3034;egwalthney@yahoo.com
Venita;Maillard;72119 S Walker Ave #63;Anaheim;Orange;RI;92801;714-523-6653;714-663-9740;venita_maillard@gmail.com
Kasandra;Semidey;369 Latham St #500;Saint Louis;Saint Louis City;CA;63102;314-732-9131;314-697-3652;kasandra_semidey@semidey.com
Xochitl;Discipio;3158 Runamuck Pl;Round Rock;Williamson;DC;78664;512-233-1831;512-942-3411;xdiscipio@gmail.com
Maile;Linahan;9 Plainsboro Rd #598;Greensboro;Guilford;CA;27409;336-670-2640;336-364-6037;mlinahan@yahoo.com
Krissy;Rauser;Mark A Esq;8728 S Broad St;Coram;ID;11727;631-288-2866;631-443-4710;
Pete;Dubaldi;2215 Prosperity Dr;Lyndhurst;Bergen;IN;7071;201-825-2514;201-749-8866;pdubaldi@hotmail.com
Linn;Paa;1 S Pine St;Memphis;Shelby;NE;38112;901-412-4381;901-573-9024;linn_paa@paa.com
Paris;Wide;187 Market St;Atlanta;Fulton;WA;30342;404-505-4445;404-607-8435;paris@hotmail.com
Wynell;Dorshorst;Craig W Esq;94290 S Buchanan St;Pacifica;FL;94044;650-749-9879;650-473-1262;
Quentin;Birkner;7061 N 2nd St;Burnsville;Dakota;;55337;952-702-7993;952-314-5871;qbirkner@aol.com
Regenia;Kannady;10759 Main St;Scottsdale;Maricopa;;85260;480-726-1280;480-205-5121;regenia.kannady@cox.net
Sheron;Louissant;Brenda J Cpa;97 E 3rd St #9;Long Island City;NY;11101;718-613-9994;718-976-8610;
Izetta;Funnell;82 Winsor St #54;Atlanta;Dekalb;;30340;770-844-3447;770-584-4119;izetta.funnell@hotmail.com
Rodolfo;Butzen;Cynthia A Esq;41 Steel Ct;Northfield;MN;55057;507-590-5237;507-210-3510;
Zona;Colla;Robert A Esq;49440 Dearborn St;Norwalk;CT;6854;203-938-2557;203-461-1949;
Serina;Zagen;7 S Beverly Dr;Fort Wayne;Allen;;46802;260-273-3725;260-382-4869;szagen@aol.com
Paz;Sahagun;919 Wall Blvd;Meridian;Lauderdale;;39307;601-927-8287;601-249-4511;paz_sahagun@cox.net
Markus;Lukasik;89 20th St E #779;Sterling Heights;Macomb;;48310;586-970-7380;586-247-1614;markus@yahoo.com
Jaclyn;Bachman;721 Interstate 45 S;Colorado Springs;El Paso;;80919;719-853-3600;719-223-2074;jaclyn@aol.com
Cyril;Daufeldt;3 Lawton St;New York;New York;;10013;212-745-8484;212-422-5427;cyril_daufeldt@daufeldt.com
Gayla;Schnitzler;38 Pleasant Hill Rd;Hayward;Alameda;;94545;510-686-3407;510-441-4055;gschnitzler@gmail.com
Erick;Nievas;Anne Esq;45 E Acacia Ct;Chicago;IL;60624;773-359-6109;773-704-9903;
Jennie;Drymon;Michelle M Esq;63728 Poway Rd #1;Scranton;PA;18509;570-868-8688;570-218-4831;
Mitsue;Scipione;77 222 Dr;Oroville;Butte;;95965;530-986-9272;530-399-3254;mscipione@scipione.com
Ciara;Ventura;Robert M Esq;53 W Carey St;Port Jervis;NY;12771;845-694-7919;845-823-8877;
Galen;Cantres;617 Nw 36th Ave;Brook Park;Cuyahoga;;44142;216-600-6111;216-871-6876;galen@yahoo.com
Truman;Feichtner;539 Coldwater Canyon Ave;Bloomfield;Essex;;7003;973-852-2736;973-473-5108;tfeichtner@yahoo.com
Gail;Kitty;735 Crawford Dr;Anchorage;Anchorage;;99501;907-435-9166;907-770-3542;gail@kitty.com
Dalene;Schoeneck;Douglas J Esq;910 Rahway Ave;Philadelphia;PA;19102;215-380-8820;215-268-1275;
Gertude;Witten;John Randolph Jr;7 Tarrytown Rd;Cincinnati;OH;45217;513-863-9471;513-977-7043;
Lizbeth;Kohl;35433 Blake St #588;Gardena;Los Angeles;;90248;310-699-1222;310-955-5788;lizbeth@yahoo.com
Glenn;Berray;John E Esq;29 Cherry St #7073;Des Moines;IA;50315;515-372-1738;515-370-7348;
Lashandra;Klang;810 N La Brea Ave;King of Prussia;Montgomery;;19406;610-809-1818;610-378-7332;lashandra@yahoo.com
Lenna;Newville;Morris J Jr;987 Main St;Raleigh;NC;27601;919-254-5987;919-623-2524;
Laurel;Pagliuca;36 Enterprise St Se;Richland;Benton;;99352;509-695-5199;509-595-6485;laurel@yahoo.com
Mireya;Frerking;8429 Miller Rd;Pelham;Westchester;;10803;914-868-5965;914-883-3061;mireya.frerking@hotmail.com
Annelle;Tagala;5 W 7th St;Parkville;Baltimore;;21234;410-757-1035;410-234-2267;annelle@yahoo.com
Dean;Ketelsen;2 Flynn Rd;Hicksville;Nassau;;11801;516-847-4418;516-732-6649;dean_ketelsen@gmail.com
Levi;Munis;2094 Ne 36th Ave;Worcester;Worcester;;1603;508-456-4907;508-658-7802;levi.munis@gmail.com
Sylvie;Ryser;649 Tulane Ave;Tulsa;Tulsa;;74105;918-644-9555;918-565-1706;sylvie@aol.com
Sharee;Maile;2094 Montour Blvd;Muskegon;Muskegon;;49442;231-467-9978;231-265-6940;sharee_maile@aol.com
Cordelia;Storment;Jon H Esq;393 Hammond Dr;Lafayette;LA;70506;337-255-3427;337-566-6001;
Mollie;Mcdoniel;8590 Lake Lizzie Dr;Bowling Green;Wood;;43402;419-975-3182;419-417-4674;mollie_mcdoniel@yahoo.com
Brett;Mccullan;87895 Concord Rd;La Mesa;San Diego;;91942;619-461-9984;619-727-3892;brett.mccullan@mccullan.com
Teddy;Pedrozo;Neal J Esq;46314 Route 130;Bridgeport;CT;6610;203-918-3939;203-892-3863;
Tasia;Andreason;Robert A;4 Cowesett Ave;Kearny;NJ;7032;201-969-7063;201-920-9002;
Hubert;Walthall;Deanna;95 Main Ave #2;Barberton;OH;44203;330-566-8898;330-903-1345;
Arthur;Farrow;Timothy L Esq;28 S 7th St #2824;Englewood;NJ;7631;201-772-4377;201-238-5688;
Vilma;Berlanga;D Fred Esq;79 S Howell Ave;Grand Rapids;MI;49546;616-568-4113;616-737-3085;
Billye;Miro;Francine H Esq;36 Lancaster Dr Se;Pearl;MS;39208;601-637-5479;601-567-5386;
Glenna;Slayton;2759 Livingston Ave;Memphis;Shelby;;38118;901-640-9178;901-869-4314;glenna_slayton@cox.net
Mitzie;Hudnall;17 Jersey Ave;Englewood;Arapahoe;;80110;303-402-1940;303-997-7760;mitzie_hudnall@yahoo.com
Bernardine;Rodefer;2 W Grand Ave;Memphis;Shelby;;38112;901-901-4726;901-739-5892;bernardine_rodefer@yahoo.com
Staci;Schmaltz;18 Coronado Ave #563;Pasadena;Los Angeles;;91106;626-866-2339;626-293-7678;staci_schmaltz@aol.com
Nichelle;Meteer;72 Beechwood Ter;Chicago;Cook;;60657;773-225-9985;773-857-2231;nichelle_meteer@meteer.com
Janine;Rhoden;92 Broadway;Astoria;Queens;;11103;718-228-5894;718-728-5051;jrhoden@yahoo.com
Ettie;Hoopengardner;39 Franklin Ave;Richland;Benton;;99352;509-755-5393;509-847-3352;ettie.hoopengardner@hotmail.com
Eden;Jayson;4 Iwaena St;Baltimore;Baltimore City;;21202;410-890-7866;410-429-4888;eden_jayson@yahoo.com
Lynelle;Auber;32820 Corkwood Rd;Newark;Essex;;7104;973-860-8610;973-605-6492;lynelle_auber@gmail.com
Merissa;Tomblin;34 Raritan Center Pky;Bellflower;Los Angeles;;90706;562-579-6900;562-719-7922;merissa.tomblin@gmail.com
Golda;Kaniecki;6201 S Nevada Ave;Toms River;Ocean;;8755;732-628-9909;732-617-5310;golda_kaniecki@yahoo.com
Catarina;Gleich;Robert E Esq;78 Maryland Dr #146;Denville;NJ;7834;973-491-8723;973-210-3994;
Virgie;Kiel;Terrence P Esq;76598 Rd  I 95 #1;Denver;CO;80216;303-845-5408;303-776-7548;
Jolene;Ostolaza;1610 14th St Nw;Newport News;Newport News City;;23608;757-682-7116;757-940-1741;jolene@yahoo.com
Keneth;Borgman;86350 Roszel Rd;Phoenix;Maricopa;;85012;602-919-4211;602-442-3092;keneth@yahoo.com
Rikki;Nayar;1644 Clove Rd;Miami;Miami-Dade;;33155;305-968-9487;305-978-2069;rikki@nayar.com
Elke;Sengbusch;9 W Central Ave;Phoenix;Maricopa;;85013;602-896-2993;602-575-3457;elke_sengbusch@yahoo.com
Hoa;Sarao;Joel S Esq;27846 Lafayette Ave;Oak Hill;FL;32759;386-599-7296;386-526-7800;
Trinidad;Mcrae;10276 Brooks St;San Francisco;San Francisco;;94105;415-331-9634;415-419-1597;trinidad_mcrae@yahoo.com
Mari;Lueckenbach;Nelson E Jr;1 Century Park E;San Diego;CA;92110;858-228-5683;858-793-9684;
Selma;Husser;9 State Highway 57 #22;Jersey City;Hudson;;7306;201-991-8369;201-772-7699;selma.husser@cox.net
Antione;Onofrio;4 S Washington Ave;San Bernardino;San Bernardino;;92410;909-430-7765;909-665-3223;aonofrio@onofrio.com
Luisa;Jurney;25 Se 176th Pl;Cambridge;Middlesex;;2138;617-365-2134;617-544-2541;ljurney@hotmail.com
Clorinda;Heimann;Charles Jr;105 Richmond Valley Rd;Escondido;CA;92025;760-261-4786;760-291-5497;
Dick;Wenzinger;22 Spruce St #595;Gardena;Los Angeles;;90248;310-510-9713;310-936-2258;dick@yahoo.com
Ahmed;Angalich;2 W Beverly Blvd;Harrisburg;Dauphin;;17110;717-528-8996;717-632-5831;ahmed.angalich@angalich.com
Iluminada;Ohms;72 Southern Blvd;Mesa;Maricopa;;85204;480-293-2882;480-866-6544;iluminada.ohms@yahoo.com
Joanna;Leinenbach;1 Washington St;Lake Worth;Palm Beach;;33461;561-470-4574;561-951-9734;joanna_leinenbach@hotmail.com
Caprice;Suell;W Dan Esq;90177 N 55th Ave;Nashville;TN;37211;615-726-4537;615-246-1824;
Stephane;Myricks;9 Tower Ave;Burlington;Boone;;41005;859-717-7638;859-308-4286;stephane_myricks@cox.net
Quentin;Swayze;278 Bayview Ave;Milan;Monroe;;48160;734-561-6170;734-851-8571;quentin_swayze@yahoo.com
Annmarie;Castros;80312 W 32nd St;Conroe;Montgomery;;77301;936-751-7961;936-937-2334;annmarie_castros@gmail.com
Shonda;Greenbush;82 Us Highway 46;Clifton;Passaic;;7011;973-482-2430;973-644-2974;shonda_greenbush@cox.net
Cecil;Lapage;Douglas D;4 Stovall St #72;Union City;NJ;7087;201-856-2720;201-693-3967;
Jeanice;Claucherty;19 Amboy Ave;Miami;Miami-Dade;;33142;305-988-4162;305-306-7834;jeanice.claucherty@yahoo.com
Josphine;Villanueva;63 Smith Ln #8343;Moss;Clay;;38575;931-553-9774;931-486-6946;josphine_villanueva@villanueva.com
Daniel;Perruzza;11360 S Halsted St;Santa Ana;Orange;;92705;714-771-3880;714-531-1391;dperruzza@perruzza.com
Cassi;Wildfong;James O Esq;26849 Jefferson Hwy;Rolling Meadows;IL;60008;847-755-9041;847-633-3216;
Britt;Galam;2500 Pringle Rd Se #508;Hatfield;Montgomery;;19440;215-888-3304;215-351-8523;britt@galam.org
Adell;Lipkin;65 Mountain View Dr;Whippany;Morris;;7981;973-654-1561;973-662-8988;adell.lipkin@lipkin.com
Jacqueline;Rowling;1 N San Saba;Erie;Erie;;16501;814-865-8113;814-481-1700;jacqueline.rowling@yahoo.com
Lonny;Weglarz;51120 State Route 18;Salt Lake City;Salt Lake;;84115;801-293-9853;801-892-8781;lonny_weglarz@gmail.com
Lonna;Diestel;Thomas J Esq;1482 College Ave;Fayetteville;NC;28301;910-200-7912;910-922-3672;
Cristal;Samara;4119 Metropolitan Dr;Los Angeles;Los Angeles;;90021;213-975-8026;213-696-8004;cristal@cox.net
Kenneth;Grenet;2167 Sierra Rd;East Lansing;Ingham;;48823;517-499-2322;517-867-8077;kenneth.grenet@grenet.org
Elli;Mclaird;6 Sunrise Ave;Utica;Oneida;;13501;315-818-2638;315-474-5570;emclaird@mclaird.com
Alline;Jeanty;55713 Lake City Hwy;South Bend;St Joseph;;46601;574-656-2800;574-405-1983;ajeanty@gmail.com
Sharika;Eanes;75698 N Fiesta Blvd;Orlando;Orange;;32806;407-312-1691;407-472-1332;sharika.eanes@aol.com
Nu;Mcnease;88 Sw 28th Ter;Harrison;Hudson;;7029;973-751-9003;973-903-4175;nu@gmail.com
Daniela;Comnick;7 Flowers Rd #403;Trenton;Mercer;;8611;609-200-8577;609-398-2805;dcomnick@cox.net
Cecilia;Colaizzo;4 Nw 12th St #3849;Madison;Dane;;53717;608-382-4541;608-302-3387;cecilia_colaizzo@colaizzo.com
Leslie;Threets;2 A Kelley Dr;Katonah;Westchester;;10536;914-861-9748;914-396-2615;leslie@cox.net
Nan;Koppinger;Grace T;88827 Frankford Ave;Greensboro;NC;27401;336-564-1492;336-370-5333;
Izetta;Dewar;Jean Esq;2 W Scyene Rd #3;Baltimore;MD;21217;410-522-7621;410-473-1708;
Tegan;Arceo;62260 Park Stre;Monroe Township;Middlesex;;8831;732-730-2692;732-705-6719;tegan.arceo@arceo.org
Ruthann;Keener;3424 29th St Se;Kerrville;Kerr;;78028;830-258-2769;830-919-5991;ruthann@hotmail.com
Joni;Breland;35 E Main St #43;Elk Grove Village;Cook;;60007;847-519-5906;847-740-5304;joni_breland@cox.net
Vi;Rentfro;7163 W Clark Rd;Freehold;Monmouth;;7728;732-605-4781;732-724-7251;vrentfro@cox.net
Colette;Kardas;21575 S Apple Creek Rd;Omaha;Douglas;;68124;402-896-5943;402-707-1602;colette.kardas@yahoo.com
Malcolm;Tromblay;747 Leonis Blvd;Annandale;Fairfax;;22003;703-221-5602;703-874-4248;malcolm_tromblay@cox.net
Ryan;Harnos;13 Gunnison St;Plano;Collin;;75075;972-558-1665;972-961-4968;ryan@cox.net
Jess;Chaffins;18 3rd Ave;New York;New York;;10016;212-510-4633;212-428-9538;jess.chaffins@chaffins.org
Sharen;Bourbon;John A Esq;62 W Austin St;Syosset;NY;11791;516-749-3188;516-816-1541;
Nickolas;Juvera;177 S Rider Trl #52;Crystal River;Citrus;;34429;352-598-8301;352-947-6152;nickolas_juvera@cox.net
Gary;Nunlee;2 W Mount Royal Ave;Fortville;Hancock;;46040;317-542-6023;317-887-8486;gary_nunlee@nunlee.org
Diane;Devreese;1953 Telegraph Rd;Saint Joseph;Buchanan;;64504;816-557-9673;816-329-5565;diane@cox.net
Roslyn;Chavous;James L;63517 Dupont St;Jackson;MS;39211;601-973-5754;601-234-9632;
Glory;Schieler;5 E Truman Rd;Abilene;Taylor;;79602;325-869-2649;325-740-3778;glory@yahoo.com
Rasheeda;Sayaphon;J Michael Esq;251 Park Ave #979;Saratoga;CA;95070;408-997-7490;408-805-4309;
Alpha;Palaia;James M Jr;43496 Commercial Dr #29;Cherry Hill;NJ;8003;856-513-7024;856-312-2629;
Refugia;Jacobos;2184 Worth St;Hayward;Alameda;;94545;510-974-8671;510-509-3496;refugia.jacobos@jacobos.com
Shawnda;Yori;50126 N Plankinton Ave;Longwood;Seminole;;32750;407-538-5106;407-564-8113;shawnda.yori@yahoo.com
Mona;Delasancha;38773 Gravois Ave;Cheyenne;Laramie;;82001;307-403-1488;307-816-7115;mdelasancha@hotmail.com
Gilma;Liukko;16452 Greenwich St;Garden City;Nassau;;11530;516-393-9967;516-407-9573;gilma_liukko@gmail.com
Janey;Gabisi;Stephen F Esq;40 Cambridge Ave;Madison;WI;53715;608-586-6912;608-967-7194;
Lili;Paskin;20113 4th Ave E;Kearny;Hudson;;7032;201-431-2989;201-478-8540;lili.paskin@cox.net
Loren;Asar;6 Ridgewood Center Dr;Old Forge;Lackawanna;;18518;570-648-3035;570-569-2356;loren.asar@aol.com
Dorothy;Chesterfield;469 Outwater Ln;San Diego;San Diego;;92126;858-617-7834;858-732-1884;dorothy@cox.net
Gail;Similton;Wes Esq;62 Monroe St;Thousand Palms;CA;92276;760-493-9208;760-616-5388;
Catalina;Tillotson;3338 A Lockport Pl #6;Margate City;Atlantic;;8402;609-373-3332;609-826-4990;catalina@hotmail.com
Lawrence;Lorens;9 Hwy;Providence;Providence;;2906;401-465-6432;401-893-1820;lawrence.lorens@hotmail.com
Carlee;Boulter;Troy M Ii;8284 Hart St;Abilene;KS;67410;785-253-7049;785-347-1805;
Thaddeus;Ankeny;5 Washington St #1;Roseville;Placer;;95678;916-920-3571;916-459-2433;tankeny@ankeny.org
Jovita;Oles;Philip G Esq;8 S Haven St;Daytona Beach;FL;32114;386-208-6976;386-248-4118;
Alesia;Hixenbaugh;9 Front St;Washington;District of Columbia;;20001;202-646-7516;202-276-6826;alesia_hixenbaugh@hixenbaugh.org
Lai;Harabedian;1933 Packer Ave #2;Novato;Marin;;94945;415-423-3294;415-926-6089;lai@gmail.com
Brittni;Gillaspie;67 Rv Cent;Boise;Ada;;83709;208-709-1235;208-206-9848;bgillaspie@gillaspie.com
Raylene;Kampa;2 Sw Nyberg Rd;Elkhart;Elkhart;;46514;574-499-1454;574-330-1884;rkampa@kampa.org
Flo;Bookamer;89992 E 15th St;Alliance;Box Butte;;69301;308-726-2182;308-250-6987;flo.bookamer@cox.net
Jani;Biddy;61556 W 20th Ave;Seattle;King;;98104;206-711-6498;206-395-6284;jbiddy@yahoo.com
Chauncey;Motley;63 E Aurora Dr;Orlando;Orange;;32804;407-413-4842;407-557-8857;chauncey_motley@aol.com
